2018/11/22,インドで電動自転車,https://www.nikkei.com/article/DGKKZO3804398021112018L61000/,インドで電動自転車&nbsp;&nbsp;日本経済新聞ヤマハ発動機、インドで電動アシスト自転車事業を検討&nbsp;&nbsp;レスポンスFull coverage
2018/11/21,IMがクロスデバイスマッチング事業米国最大手のDrawbridgeとデータの相互連携開始,https://headlines.yahoo.co.jp/hl?a=20181122-00000003-webtan-sci,IMがクロスデバイスマッチング事業米国最大手のDrawbridgeとデータの相互連携開始&nbsp;&nbsp;Yahoo!ニュース 個人インティメート・マージャーが米Drawbridgeと連携 クロスデバイス技術活用でDMPの精度を向上&nbsp;&nbsp;MarkeZineFull coverage
2018/11/20,インティメート・マージャー、三井物産及び米国クロスデバイスマッチング最大手のDrawbridgeと連携し、ダイナミックデータ(※1)を用いた信用スコアサービスを提供開始,https://prtimes.jp/main/html/rd/p/000000043.000009210.html,インティメート・マージャー、三井物産及び米国クロスデバイスマッチング最大手のDrawbridgeと連携し、ダイナミックデータ(※1)を用いた信用スコアサービスを提供開始&nbsp;&nbsp;PR TIMES (プレスリリース)Drawbridge、三井物産を通じてインティメート・マージャーへConnected Consumer Graph(R)の提供を開始。&nbsp;&nbsp;ニコニコニュースFull coverage
2018/11/19,三井物産、キャッシュ・フロー経営で既存事業強化と成長分野を確立 最高益更新へ,https://www.zaikei.co.jp/article/20181119/478793.html,三井物産、キャッシュ・フロー経営で既存事業強化と成長分野を確立 最高益更新へ&nbsp;&nbsp;財経新聞Full coverage
2018/11/18,三井物産関係会社で初の女性社長、山から考える「社会と会社」の関係,https://newswitch.jp/p/15299,三井物産関係会社で初の女性社長、山から考える「社会と会社」の関係&nbsp;&nbsp;ニュースイッチ NewswitchFull coverage
2018/11/15,プリファードと三井物産、米国で医療事業合弁,https://www.nikkei.com/article/DGXMZO37803460V11C18A1000000/,プリファードと三井物産、米国で医療事業合弁&nbsp;&nbsp;日本経済新聞Full coverage
2018/11/14,三井物産出資のコロンビアアジア、ＩＰＯなどを検討－関係者,https://www.bloomberg.co.jp/news/articles/2018-11-14/PI5Y636JTSEA01,三井物産出資のコロンビアアジア、ＩＰＯなどを検討－関係者&nbsp;&nbsp;ブルームバーグFull coverage
2018/11/12,【現場の風】三井物産 アジア、中東、アフリカの順で販売重視,http://www.sankeibiz.jp/business/news/181113/bsd1811130500001-n1.htm,【現場の風】三井物産 アジア、中東、アフリカの順で販売重視&nbsp;&nbsp;SankeiBizFull coverage
2018/11/11,5大商社INTERVIEW②｜三井物産社長 安永竜夫,https://premium.toyokeizai.net/articles/-/19227,5大商社INTERVIEW②｜三井物産社長 安永竜夫&nbsp;&nbsp;週刊東洋経済プラスFull coverage
2018/11/10,タイでガス火力に出資,https://www.nikkei.com/article/DGKKZO3757980009112018FFN000/,タイでガス火力に出資&nbsp;&nbsp;日本経済新聞タイ・チョンブリ県におけるガス火力発電事業の推進&nbsp;&nbsp;ITmediaFull coverage
2018/11/09,三井物産、タイでガス火力発電 総事業費1700億円,https://www.nikkei.com/article/DGXMZO37579800Z01C18A1916M00/,三井物産、タイでガス火力発電 総事業費1700億円&nbsp;&nbsp;日本経済新聞Full coverage
2018/11/09,眼鏡のオンデーズにLVMH系・三井物産系投資会社が出資,https://www.wwdjapan.com/736779,眼鏡のオンデーズにLVMH系・三井物産系投資会社が出資&nbsp;&nbsp;WWD JAPAN.comLキャタルトン・アジア及び三井物産企業投資株式会社によるOWNDAYSへの資本参画について&nbsp;&nbsp;PR TIMES (プレスリリース)眼鏡販売のオンデーズ、LVMH系投資会社などから出資&nbsp;&nbsp;日本経済新聞Full coverage
2018/11/07,三井物産、中国GCLグループと協業へ…EVやLNG、省エネ関連ビジネスで,https://response.jp/article/2018/11/07/315886.html,三井物産、中国GCLグループと協業へ…EVやLNG、省エネ関連ビジネスで&nbsp;&nbsp;レスポンスFull coverage
2018/11/02,三井物産など、玉ネギまるごとスープカレー,https://www.nikkei.com/article/DGXMZO37300130S8A101C1L41000/,三井物産など、玉ネギまるごとスープカレー&nbsp;&nbsp;日本経済新聞Full coverage
2018/11/01,クレディセゾン、タイで三井物産と金融新会社,https://www.nikkei.com/article/DGXMZO37243160R01C18A1EE9000/,クレディセゾン、タイで三井物産と金融新会社&nbsp;&nbsp;日本経済新聞Full coverage
2018/10/31,三井物産、燃料用石炭の新規開発撤退 権益売却も,https://www.nikkei.com/article/DGXMZO37163340R31C18A0XQ9000/,三井物産、燃料用石炭の新規開発撤退 権益売却も&nbsp;&nbsp;日本経済新聞Full coverage
2018/10/31,三井物産の「さかなクン」が挑む世界初の“サーモン陸上養殖”事業,https://diamond.jp/articles/-/180012,三井物産の「さかなクン」が挑む世界初の“サーモン陸上養殖”事業&nbsp;&nbsp;ダイヤモンド・オンラインFull coverage
2018/10/29,三井物産・飯島会長「日印による多国間連携に注目」,https://www.nikkei.com/article/DGXMZO37062760Z21C18A0FF1000/,三井物産・飯島会長「日印による多国間連携に注目」&nbsp;&nbsp;日本経済新聞Full coverage
2018/10/28,三井物産ブランド・プロジェクト 自社の強みを社員が見いだす,https://trend.nikkeibp.co.jp/atcl/contents/18/00067/00006/,三井物産ブランド・プロジェクト 自社の強みを社員が見いだす&nbsp;&nbsp;日経クロストレンドFull coverage
2018/10/25,三井物産／オンライン診療・服薬指導・処方薬配送の一貫システム開発,https://lnews.jp/2018/10/k1025402.html,三井物産／オンライン診療・服薬指導・処方薬配送の一貫システム開発&nbsp;&nbsp;ＬＮＥＷＳFull coverage
